r,noRef,ref2,ref10
10,0.040895,0.019652,0.00443
20,0.086114,0.04617,0.009713
30,0.140525,0.056524,0.020067
40,0.23107,0.110618,0.028202
